"city","date","trend"
"Beijing",2000-01-01,50.3032208803412
"Beijing",2000-02-01,51.3381510225526
"Beijing",2000-03-01,52.3730811647639
"Beijing",2000-04-01,53.361418519618
"Beijing",2000-05-01,54.3497558744721
"Beijing",2000-06-01,55.3259334136094
"Beijing",2000-07-01,56.3021109527467
"Beijing",2000-08-01,57.2453600971645
"Beijing",2000-09-01,58.1886092415824
"Beijing",2000-10-01,58.6871933425746
"Beijing",2000-11-01,59.1857774435669
"Beijing",2000-12-01,59.3711511879181
"Beijing",2001-01-01,59.5565249322694
"Beijing",2001-02-01,59.7211208265257
"Beijing",2001-03-01,59.8857167207821
"Beijing",2001-04-01,59.8188015984576
"Beijing",2001-05-01,59.751886476133
"Beijing",2001-06-01,59.3801271331903
"Beijing",2001-07-01,59.0083677902475
"Beijing",2001-08-01,58.6442613441316
"Beijing",2001-09-01,58.2801548980156
"Beijing",2001-10-01,57.9639557343679
"Beijing",2001-11-01,57.6477565707202
"Beijing",2001-12-01,57.4514218067722
"Beijing",2002-01-01,57.2550870428243
"Beijing",2002-02-01,57.3458574506116
"Beijing",2002-03-01,57.4366278583989
"Beijing",2002-04-01,57.7421418930046
"Beijing",2002-05-01,58.0476559276102
"Beijing",2002-06-01,58.8730075640856
"Beijing",2002-07-01,59.698359200561
"Beijing",2002-08-01,60.9077623727271
"Beijing",2002-09-01,62.1171655448932
"Beijing",2002-10-01,63.7553803624985
"Beijing",2002-11-01,65.3935951801037
"Beijing",2002-12-01,66.867671844823
"Beijing",2003-01-01,68.3417485095424
"Beijing",2003-02-01,68.9960406490738
"Beijing",2003-03-01,69.6503327886052
"Beijing",2003-04-01,69.5968735858798
"Beijing",2003-05-01,69.5434143831543
"Beijing",2003-06-01,68.6264043327775
"Beijing",2003-07-01,67.7093942824007
"Beijing",2003-08-01,66.0162385448741
"Beijing",2003-09-01,64.3230828073474
"Beijing",2003-10-01,62.5548799882945
"Beijing",2003-11-01,60.7866771692416
"Beijing",2003-12-01,59.694112791312
"Beijing",2004-01-01,58.6015484133823
"Beijing",2004-02-01,58.5114491137977
"Beijing",2004-03-01,58.4213498142131
"Beijing",2004-04-01,59.0391123418543
"Beijing",2004-05-01,59.6568748694954
"Beijing",2004-06-01,60.7280879723445
"Beijing",2004-07-01,61.7993010751936
"Beijing",2004-08-01,62.6332162125012
"Beijing",2004-09-01,63.4671313498088
"Beijing",2004-10-01,63.587391503896
"Beijing",2004-11-01,63.7076516579833
"Beijing",2004-12-01,63.704717953506
"Beijing",2005-01-01,63.7017842490287
"Beijing",2005-02-01,63.8460670494604
"Beijing",2005-03-01,63.9903498498922
"Beijing",2005-04-01,63.7570304732292
"Beijing",2005-05-01,63.5237110965662
"Beijing",2005-06-01,63.4907013570118
"Beijing",2005-07-01,63.4576916174573
"Beijing",2005-08-01,63.8813874633042
"Beijing",2005-09-01,64.305083309151
"Beijing",2005-10-01,64.9133769610986
"Beijing",2005-11-01,65.5216706130461
"Beijing",2005-12-01,65.9286301455342
"Beijing",2006-01-01,66.3355896780223
"Beijing",2006-02-01,66.8437566541528
"Beijing",2006-03-01,67.3519236302834
"Beijing",2006-04-01,67.9823564340685
"Beijing",2006-05-01,68.6127892378537
"Beijing",2006-06-01,69.4059569800876
"Beijing",2006-07-01,70.1991247223215
"Beijing",2006-08-01,70.9984524931318
"Beijing",2006-09-01,71.7977802639421
"Beijing",2006-10-01,72.1934285001059
"Beijing",2006-11-01,72.5890767362696
"Beijing",2006-12-01,72.5859480479219
"Beijing",2007-01-01,72.5828193595742
"Beijing",2007-02-01,72.3679218459473
"Beijing",2007-03-01,72.1530243323203
"Beijing",2007-04-01,71.8418785849237
"Beijing",2007-05-01,71.5307328375272
"Beijing",2007-06-01,71.0639424173722
"Beijing",2007-07-01,70.5971519972171
"Beijing",2007-08-01,69.9048712191137
"Beijing",2007-09-01,69.2125904410103
"Beijing",2007-10-01,69.0288622846179
"Beijing",2007-11-01,68.8451341282255
"Beijing",2007-12-01,69.05509141014
"Beijing",2008-01-01,69.2650486920544
"Beijing",2008-02-01,69.3341828744584
"Beijing",2008-03-01,69.4033170568623
"Beijing",2008-04-01,68.9590653306137
"Beijing",2008-05-01,68.514813604365
"Beijing",2008-06-01,67.8538849774673
"Beijing",2008-07-01,67.1929563505696
"Beijing",2008-08-01,66.978158004494
"Beijing",2008-09-01,66.7633596584184
"Beijing",2008-10-01,66.2550467909345
"Beijing",2008-11-01,65.7467339234505
"Beijing",2008-12-01,65.0251642022046
"Beijing",2009-01-01,64.3035944809587
"Beijing",2009-02-01,64.2374130062708
"Beijing",2009-03-01,64.1712315315829
"Beijing",2009-04-01,64.8364103091106
"Beijing",2009-05-01,65.5015890866383
"Beijing",2009-06-01,66.2320772167584
"Beijing",2009-07-01,66.9625653468784
"Beijing",2009-08-01,67.3617163600152
"Beijing",2009-09-01,67.7608673731521
"Beijing",2009-10-01,68.1106659544848
"Beijing",2009-11-01,68.4604645358175
"Beijing",2009-12-01,69.0015127626161
"Beijing",2010-01-01,69.5425609894148
"Beijing",2010-02-01,69.5826017757103
"Beijing",2010-03-01,69.6226425620058
"Beijing",2010-04-01,68.9897655236837
"Beijing",2010-05-01,68.3568884853615
"Beijing",2010-06-01,67.1045233395142
"Beijing",2010-07-01,65.8521581936669
"Beijing",2010-08-01,64.75947501627
"Beijing",2010-09-01,63.6667918388732
"Beijing",2010-10-01,62.7802151514757
"Beijing",2010-11-01,61.8936384640782
"Beijing",2010-12-01,61.5382238412124
"Beijing",2011-01-01,61.1828092183466
"Beijing",2011-02-01,61.9176455551601
"Beijing",2011-03-01,62.6524818919736
"Beijing",2011-04-01,64.4807803760181
"Beijing",2011-05-01,66.3090788600626
"Beijing",2011-06-01,68.2218237331032
"Beijing",2011-07-01,70.1345686061438
"Beijing",2011-08-01,71.2239506924945
"Beijing",2011-09-01,72.3133327788452
"Beijing",2011-10-01,72.6633807549371
"Beijing",2011-11-01,73.013428731029
"Beijing",2011-12-01,72.5925185809246
"Beijing",2012-01-01,72.1716084308202
"Beijing",2012-02-01,70.9205764456629
"Beijing",2012-03-01,69.6695444605056
"Beijing",2012-04-01,68.419389657198
"Beijing",2012-05-01,67.1692348538904
"Beijing",2012-06-01,67.4504230980573
"Beijing",2012-07-01,67.7316113422242
"Beijing",2012-08-01,69.0188306411794
"Beijing",2012-09-01,70.3060499401346
"Beijing",2012-10-01,71.3309079030927
"Beijing",2012-11-01,72.3557658660508
"Beijing",2012-12-01,73.0317781318355
"Beijing",2013-01-01,73.7077903976202
"Beijing",2013-02-01,74.2850763651543
"Beijing",2013-03-01,74.8623623326885
"Beijing",2013-04-01,74.5801037599683
"Beijing",2013-05-01,74.2978451872481
"Beijing",2013-06-01,73.177220631175
"Beijing",2013-07-01,72.0565960751019
"Beijing",2013-08-01,71.8351340861607
"Beijing",2013-09-01,71.6136720972196
"Beijing",2013-10-01,71.9917515390178
"Beijing",2013-11-01,72.369830980816
"Beijing",2013-12-01,72.2631796359413
"Beijing",2014-01-01,72.1565282910666
"Beijing",2014-02-01,72.3120927366882
"Beijing",2014-03-01,72.4676571823099
"Beijing",2014-04-01,72.9275132069869
"Beijing",2014-05-01,73.3873692316639
"Beijing",2014-06-01,72.881811475978
"Beijing",2014-07-01,72.3762537202923
"Beijing",2014-08-01,70.7450506862493
"Beijing",2014-09-01,69.1138476522063
"Beijing",2014-10-01,67.9150168507375
"Beijing",2014-11-01,66.7161860492687
"Beijing",2014-12-01,65.74011280652
"Beijing",2015-01-01,64.7640395637713
"Beijing",2015-02-01,63.2013240104652
"Beijing",2015-03-01,61.6386084571591
"Beijing",2015-04-01,60.7900754009938
"Beijing",2015-05-01,59.9415423448285
"Beijing",2015-06-01,60.3478431181864
"Beijing",2015-07-01,60.7541438915443
"Beijing",2015-08-01,60.7170296679688
"Beijing",2015-09-01,60.6799154443933
"Beijing",2015-10-01,60.1392739382377
"Beijing",2015-11-01,59.5986324320821
"Beijing",2015-12-01,59.244605880555
"Beijing",2016-01-01,58.8905793290279
"Beijing",2016-02-01,58.485235477005
"Beijing",2016-03-01,58.0798916249822
"Beijing",2016-04-01,57.8012966377951
"Beijing",2016-05-01,57.522701650608
"Beijing",2016-06-01,58.1357401004492
"Beijing",2016-07-01,58.7487785502903
"Beijing",2016-08-01,59.997647026381
"Beijing",2016-09-01,61.2465155024717
"Beijing",2016-10-01,61.6706648590145
"Beijing",2016-11-01,62.0948142155573
"Beijing",2016-12-01,61.8104184131952
"Beijing",2017-01-01,61.526022610833
"Beijing",2017-02-01,60.6871232778828
"Beijing",2017-03-01,59.8482239449325
"Beijing",2017-04-01,57.8461988558814
"Beijing",2017-05-01,55.8441737668303
"Beijing",2017-06-01,52.8483043847853
"Beijing",2017-07-01,49.8524350027403
"Beijing",2017-08-01,48.0323459763586
"Beijing",2017-09-01,46.212256949977
"Beijing",2017-10-01,45.8923935026599
"Beijing",2017-11-01,45.5725300553428
"Beijing",2017-12-01,45.4397120649426
"Beijing",2018-01-01,45.3068940745424
"Beijing",2018-02-01,45.0145755429625
"Beijing",2018-03-01,44.7222570113827
"Beijing",2018-04-01,44.7725940011692
"Beijing",2018-05-01,44.8229309909556
"Beijing",2018-06-01,44.9894952934925
"Beijing",2018-07-01,45.1560595960294
"Beijing",2018-08-01,44.5748618306882
"Beijing",2018-09-01,43.9936640653471
"Beijing",2018-10-01,42.9549609724496
"Beijing",2018-11-01,41.9162578795521
"Beijing",2018-12-01,41.3033450566455
"Beijing",2019-01-01,40.690432233739
"Beijing",2019-02-01,40.3434182995041
"Beijing",2019-03-01,39.9964043652693
"Beijing",2019-04-01,39.7553331499192
"Beijing",2019-05-01,39.514261934569
"Beijing",2019-06-01,39.3651389848363
"Beijing",2019-07-01,39.2160160351036
"Beijing",2019-08-01,38.9620256511439
"Beijing",2019-09-01,38.7080352671841
"Beijing",2019-10-01,38.3046910793218
"Beijing",2019-11-01,37.9013468914595
"Beijing",2019-12-01,37.6535642309305
"Beijing",2020-01-01,37.4057815704015
"Beijing",2020-02-01,37.3297324573201
"Beijing",2020-03-01,37.2536833442387
"Beijing",2020-04-01,36.8935595752732
"Beijing",2020-05-01,36.5334358063077
"Beijing",2020-06-01,35.7955140851157
"Beijing",2020-07-01,35.0575923639237
"Beijing",2020-08-01,34.9040043451932
"Beijing",2020-09-01,34.7504163264627
"Beijing",2020-10-01,35.1532124973532
"Beijing",2020-11-01,35.5560086682436
"Beijing",2020-12-01,35.4296248931048
"Beijing",2021-01-01,35.3032411179661
"Beijing",2021-02-01,34.9228743612896
"Beijing",2021-03-01,34.542507604613
"Beijing",2021-04-01,33.7838675808634
"Beijing",2021-05-01,33.0252275571137
"Beijing",2021-06-01,32.0310283757644
"Beijing",2021-07-01,31.0368291944152
"Beijing",2021-08-01,29.8854858021607
"Beijing",2021-09-01,28.7341424099062
"Beijing",2021-10-01,27.4521479686832
"Beijing",2021-11-01,26.1701535274603
"Beijing",2021-12-01,24.7904799950842
"Shanghai",2000-01-01,38.6509181540538
"Shanghai",2000-02-01,39.2730249969308
"Shanghai",2000-03-01,39.8951318398078
"Shanghai",2000-04-01,40.4383235863063
"Shanghai",2000-05-01,40.9815153328049
"Shanghai",2000-06-01,41.5421380677949
"Shanghai",2000-07-01,42.102760802785
"Shanghai",2000-08-01,42.6257387081591
"Shanghai",2000-09-01,43.1487166135332
"Shanghai",2000-10-01,43.0929437587808
"Shanghai",2000-11-01,43.0371709040285
"Shanghai",2000-12-01,42.981512805209
"Shanghai",2001-01-01,42.9258547063894
"Shanghai",2001-02-01,43.0198519852603
"Shanghai",2001-03-01,43.1138492641311
"Shanghai",2001-04-01,43.5527073284038
"Shanghai",2001-05-01,43.9915653926765
"Shanghai",2001-06-01,44.6322842128495
"Shanghai",2001-07-01,45.2730030330225
"Shanghai",2001-08-01,45.7480631232192
"Shanghai",2001-09-01,46.2231232134159
"Shanghai",2001-10-01,46.5039678097921
"Shanghai",2001-11-01,46.7848124061683
"Shanghai",2001-12-01,47.1747430569297
"Shanghai",2002-01-01,47.5646737076912
"Shanghai",2002-02-01,48.1569644889604
"Shanghai",2002-03-01,48.7492552702296
"Shanghai",2002-04-01,49.2284696421954
"Shanghai",2002-05-01,49.7076840141611
"Shanghai",2002-06-01,49.9456592819324
"Shanghai",2002-07-01,50.1836345497037
"Shanghai",2002-08-01,50.3753128649692
"Shanghai",2002-09-01,50.5669911802347
"Shanghai",2002-10-01,50.8187731570442
"Shanghai",2002-11-01,51.0705551338538
"Shanghai",2002-12-01,51.3891831724818
"Shanghai",2003-01-01,51.7078112111099
"Shanghai",2003-02-01,51.7812741667456
"Shanghai",2003-03-01,51.8547371223813
"Shanghai",2003-04-01,51.7278148497241
"Shanghai",2003-05-01,51.6008925770669
"Shanghai",2003-06-01,51.6875501837154
"Shanghai",2003-07-01,51.774207790364
"Shanghai",2003-08-01,51.9174967369119
"Shanghai",2003-09-01,52.0607856834598
"Shanghai",2003-10-01,52.1461483719369
"Shanghai",2003-11-01,52.2315110604139
"Shanghai",2003-12-01,52.1432838683789
"Shanghai",2004-01-01,52.0550566763438
"Shanghai",2004-02-01,51.9829854378068
"Shanghai",2004-03-01,51.9109141992698
"Shanghai",2004-04-01,52.0033057650887
"Shanghai",2004-05-01,52.0956973309075
"Shanghai",2004-06-01,51.9188885891717
"Shanghai",2004-07-01,51.742079847436
"Shanghai",2004-08-01,51.4039940258188
"Shanghai",2004-09-01,51.0659082042017
"Shanghai",2004-10-01,50.8462243162758
"Shanghai",2004-11-01,50.62654042835
"Shanghai",2004-12-01,50.4965745359222
"Shanghai",2005-01-01,50.3666086434943
"Shanghai",2005-02-01,50.2906640307921
"Shanghai",2005-03-01,50.21471941809
"Shanghai",2005-04-01,50.2629165469674
"Shanghai",2005-05-01,50.3111136758448
"Shanghai",2005-06-01,50.4400433528784
"Shanghai",2005-07-01,50.5689730299121
"Shanghai",2005-08-01,50.813923150948
"Shanghai",2005-09-01,51.0588732719839
"Shanghai",2005-10-01,51.3295867658036
"Shanghai",2005-11-01,51.6003002596233
"Shanghai",2005-12-01,51.9233973106843
"Shanghai",2006-01-01,52.2464943617454
"Shanghai",2006-02-01,52.3957917929427
"Shanghai",2006-03-01,52.5450892241401
"Shanghai",2006-04-01,52.7592526750764
"Shanghai",2006-05-01,52.9734161260128
"Shanghai",2006-06-01,53.5755792746018
"Shanghai",2006-07-01,54.1777424231908
"Shanghai",2006-08-01,54.7297778991195
"Shanghai",2006-09-01,55.2818133750482
"Shanghai",2006-10-01,55.5499436638135
"Shanghai",2006-11-01,55.8180739525788
"Shanghai",2006-12-01,56.1093191766463
"Shanghai",2007-01-01,56.4005644007139
"Shanghai",2007-02-01,56.4914905943407
"Shanghai",2007-03-01,56.5824167879676
"Shanghai",2007-04-01,56.2205426249037
"Shanghai",2007-05-01,55.8586684618398
"Shanghai",2007-06-01,55.3909473011298
"Shanghai",2007-07-01,54.9232261404197
"Shanghai",2007-08-01,54.7820210772083
"Shanghai",2007-09-01,54.6408160139968
"Shanghai",2007-10-01,54.6638063294847
"Shanghai",2007-11-01,54.6867966449725
"Shanghai",2007-12-01,54.6685257555751
"Shanghai",2008-01-01,54.6502548661777
"Shanghai",2008-02-01,54.7898347592034
"Shanghai",2008-03-01,54.9294146522291
"Shanghai",2008-04-01,55.2018162522877
"Shanghai",2008-05-01,55.4742178523464
"Shanghai",2008-06-01,55.6386015021485
"Shanghai",2008-07-01,55.8029851519506
"Shanghai",2008-08-01,55.755292418135
"Shanghai",2008-09-01,55.7075996843194
"Shanghai",2008-10-01,55.6538071217197
"Shanghai",2008-11-01,55.60001455912
"Shanghai",2008-12-01,55.6910563978819
"Shanghai",2009-01-01,55.7820982366438
"Shanghai",2009-02-01,55.8045968033324
"Shanghai",2009-03-01,55.827095370021
"Shanghai",2009-04-01,55.6700205532316
"Shanghai",2009-05-01,55.5129457364423
"Shanghai",2009-06-01,55.3221911271662
"Shanghai",2009-07-01,55.1314365178901
"Shanghai",2009-08-01,54.8267230092809
"Shanghai",2009-09-01,54.5220095006717
"Shanghai",2009-10-01,53.9631723684512
"Shanghai",2009-11-01,53.4043352362306
"Shanghai",2009-12-01,52.8130100147369
"Shanghai",2010-01-01,52.2216847932431
"Shanghai",2010-02-01,51.837028953371
"Shanghai",2010-03-01,51.4523731134989
"Shanghai",2010-04-01,51.5093264340887
"Shanghai",2010-05-01,51.5662797546785
"Shanghai",2010-06-01,52.0759487161296
"Shanghai",2010-07-01,52.5856176775807
"Shanghai",2010-08-01,53.4943134179001
"Shanghai",2010-09-01,54.4030091582195
"Shanghai",2010-10-01,55.3115656531109
"Shanghai",2010-11-01,56.2201221480022
"Shanghai",2010-12-01,56.7085008113765
"Shanghai",2011-01-01,57.1968794747507
"Shanghai",2011-02-01,57.2331363380039
"Shanghai",2011-03-01,57.2693932012571
"Shanghai",2011-04-01,56.7980012122834
"Shanghai",2011-05-01,56.3266092233097
"Shanghai",2011-06-01,55.5734737491848
"Shanghai",2011-07-01,54.8203382750598
"Shanghai",2011-08-01,54.239723550856
"Shanghai",2011-09-01,53.6591088266522
"Shanghai",2011-10-01,53.2212607430965
"Shanghai",2011-11-01,52.7834126595407
"Shanghai",2011-12-01,52.400325269727
"Shanghai",2012-01-01,52.0172378799133
"Shanghai",2012-02-01,51.7982276112135
"Shanghai",2012-03-01,51.5792173425136
"Shanghai",2012-04-01,51.7321967463369
"Shanghai",2012-05-01,51.8851761501602
"Shanghai",2012-06-01,52.224517249884
"Shanghai",2012-07-01,52.5638583496077
"Shanghai",2012-08-01,52.9461814624922
"Shanghai",2012-09-01,53.3285045753767
"Shanghai",2012-10-01,53.7257608056872
"Shanghai",2012-11-01,54.1230170359976
"Shanghai",2012-12-01,54.3436335885971
"Shanghai",2013-01-01,54.5642501411965
"Shanghai",2013-02-01,54.3419145098044
"Shanghai",2013-03-01,54.1195788784122
"Shanghai",2013-04-01,54.0648070516757
"Shanghai",2013-05-01,54.0100352249391
"Shanghai",2013-06-01,54.71358239335
"Shanghai",2013-07-01,55.4171295617609
"Shanghai",2013-08-01,55.8082324377737
"Shanghai",2013-09-01,56.1993353137864
"Shanghai",2013-10-01,56.32236801437
"Shanghai",2013-11-01,56.4454007149536
"Shanghai",2013-12-01,56.720113964593
"Shanghai",2014-01-01,56.9948272142323
"Shanghai",2014-02-01,57.04203420409
"Shanghai",2014-03-01,57.0892411939477
"Shanghai",2014-04-01,56.2407020292392
"Shanghai",2014-05-01,55.3921628645306
"Shanghai",2014-06-01,54.3194344533472
"Shanghai",2014-07-01,53.2467060421637
"Shanghai",2014-08-01,52.9198479263651
"Shanghai",2014-09-01,52.5929898105664
"Shanghai",2014-10-01,52.1399364057637
"Shanghai",2014-11-01,51.686883000961
"Shanghai",2014-12-01,50.9484728494647
"Shanghai",2015-01-01,50.2100626979684
"Shanghai",2015-02-01,49.7836097445669
"Shanghai",2015-03-01,49.3571567911655
"Shanghai",2015-04-01,49.1371343516973
"Shanghai",2015-05-01,48.9171119122291
"Shanghai",2015-06-01,48.6626721113078
"Shanghai",2015-07-01,48.4082323103865
"Shanghai",2015-08-01,48.2760879347561
"Shanghai",2015-09-01,48.1439435591258
"Shanghai",2015-10-01,48.1844124543592
"Shanghai",2015-11-01,48.2248813495925
"Shanghai",2015-12-01,47.9342932375305
"Shanghai",2016-01-01,47.6437051254684
"Shanghai",2016-02-01,46.9439184507427
"Shanghai",2016-03-01,46.2441317760169
"Shanghai",2016-04-01,45.2472849861006
"Shanghai",2016-05-01,44.2504381961843
"Shanghai",2016-06-01,43.1406567232635
"Shanghai",2016-07-01,42.0308752503426
"Shanghai",2016-08-01,41.2061111759532
"Shanghai",2016-09-01,40.3813471015638
"Shanghai",2016-10-01,39.896692838145
"Shanghai",2016-11-01,39.4120385747261
"Shanghai",2016-12-01,39.2243464332695
"Shanghai",2017-01-01,39.0366542918129
"Shanghai",2017-02-01,39.0946840560836
"Shanghai",2017-03-01,39.1527138203542
"Shanghai",2017-04-01,39.2780437201486
"Shanghai",2017-05-01,39.4033736199429
"Shanghai",2017-06-01,39.4245019401569
"Shanghai",2017-07-01,39.445630260371
"Shanghai",2017-08-01,39.2594043067538
"Shanghai",2017-09-01,39.0731783531367
"Shanghai",2017-10-01,38.8038299356147
"Shanghai",2017-11-01,38.5344815180927
"Shanghai",2017-12-01,38.1711552210463
"Shanghai",2018-01-01,37.8078289239999
"Shanghai",2018-02-01,37.4439207825814
"Shanghai",2018-03-01,37.0800126411629
"Shanghai",2018-04-01,36.7556617075973
"Shanghai",2018-05-01,36.4313107740318
"Shanghai",2018-06-01,35.826257344694
"Shanghai",2018-07-01,35.2212039153562
"Shanghai",2018-08-01,34.7245056398227
"Shanghai",2018-09-01,34.2278073642892
"Shanghai",2018-10-01,33.9195839800499
"Shanghai",2018-11-01,33.6113605958106
"Shanghai",2018-12-01,33.3706030964265
"Shanghai",2019-01-01,33.1298455970424
"Shanghai",2019-02-01,33.1199810982168
"Shanghai",2019-03-01,33.1101165993913
"Shanghai",2019-04-01,33.166665531026
"Shanghai",2019-05-01,33.2232144626607
"Shanghai",2019-06-01,32.956159205984
"Shanghai",2019-07-01,32.6891039493072
"Shanghai",2019-08-01,31.8473301356879
"Shanghai",2019-09-01,31.0055563220686
"Shanghai",2019-10-01,30.2884616805192
"Shanghai",2019-11-01,29.5713670389698
"Shanghai",2019-12-01,29.2393758938862
"Shanghai",2020-01-01,28.9073847488025
"Shanghai",2020-02-01,28.8522480692734
"Shanghai",2020-03-01,28.7971113897444
"Shanghai",2020-04-01,28.8734353479004
"Shanghai",2020-05-01,28.9497593060565
"Shanghai",2020-06-01,28.977640442644
"Shanghai",2020-07-01,29.0055215792316
"Shanghai",2020-08-01,28.804243432427
"Shanghai",2020-09-01,28.6029652856224
"Shanghai",2020-10-01,28.2139876016479
"Shanghai",2020-11-01,27.8250099176734
"Shanghai",2020-12-01,27.305623610847
"Shanghai",2021-01-01,26.7862373040206
"Shanghai",2021-02-01,26.5328107793252
"Shanghai",2021-03-01,26.2793842546299
"Shanghai",2021-04-01,26.4103816947334
"Shanghai",2021-05-01,26.5413791348369
"Shanghai",2021-06-01,26.5711070167324
"Shanghai",2021-07-01,26.6008348986278
"Shanghai",2021-08-01,26.6732901662548
"Shanghai",2021-09-01,26.7457454338818
"Shanghai",2021-10-01,26.8204714907314
"Shanghai",2021-11-01,26.895197547581
"Shanghai",2021-12-01,26.9290390550852
"Guangzhou",2000-01-01,35.3995003209316
"Guangzhou",2000-02-01,35.3653550086097
"Guangzhou",2000-03-01,35.3312096962879
"Guangzhou",2000-04-01,35.2778581932165
"Guangzhou",2000-05-01,35.2245066901452
"Guangzhou",2000-06-01,35.215135928038
"Guangzhou",2000-07-01,35.2057651659309
"Guangzhou",2000-08-01,35.2497371723982
"Guangzhou",2000-09-01,35.2937091788655
"Guangzhou",2000-10-01,35.2448723412781
"Guangzhou",2000-11-01,35.1960355036907
"Guangzhou",2000-12-01,35.3103101747862
"Guangzhou",2001-01-01,35.4245848458817
"Guangzhou",2001-02-01,35.9520373720847
"Guangzhou",2001-03-01,36.4794898982877
"Guangzhou",2001-04-01,37.2966511935159
"Guangzhou",2001-05-01,38.1138124887441
"Guangzhou",2001-06-01,38.6944391541179
"Guangzhou",2001-07-01,39.2750658194917
"Guangzhou",2001-08-01,39.5394377699861
"Guangzhou",2001-09-01,39.8038097204805
"Guangzhou",2001-10-01,39.8588902246317
"Guangzhou",2001-11-01,39.9139707287829
"Guangzhou",2001-12-01,39.8542419616412
"Guangzhou",2002-01-01,39.7945131944995
"Guangzhou",2002-02-01,39.5977550197252
"Guangzhou",2002-03-01,39.400996844951
"Guangzhou",2002-04-01,38.844571281162
"Guangzhou",2002-05-01,38.288145717373
"Guangzhou",2002-06-01,37.7077528529949
"Guangzhou",2002-07-01,37.1273599886168
"Guangzhou",2002-08-01,36.8405811721994
"Guangzhou",2002-09-01,36.553802355782
"Guangzhou",2002-10-01,36.7332534053261
"Guangzhou",2002-11-01,36.9127044548703
"Guangzhou",2002-12-01,37.2816012810623
"Guangzhou",2003-01-01,37.6504981072542
"Guangzhou",2003-02-01,38.1368367970827
"Guangzhou",2003-03-01,38.6231754869112
"Guangzhou",2003-04-01,39.5032251302483
"Guangzhou",2003-05-01,40.3832747735853
"Guangzhou",2003-06-01,41.4388850658056
"Guangzhou",2003-07-01,42.494495358026
"Guangzhou",2003-08-01,43.3421694504465
"Guangzhou",2003-09-01,44.1898435428671
"Guangzhou",2003-10-01,44.7074512767344
"Guangzhou",2003-11-01,45.2250590106016
"Guangzhou",2003-12-01,45.4944032523122
"Guangzhou",2004-01-01,45.7637474940227
"Guangzhou",2004-02-01,46.1565854071363
"Guangzhou",2004-03-01,46.5494233202499
"Guangzhou",2004-04-01,47.0338436557829
"Guangzhou",2004-05-01,47.518263991316
"Guangzhou",2004-06-01,47.7826868224055
"Guangzhou",2004-07-01,48.0471096534951
"Guangzhou",2004-08-01,48.0107124802412
"Guangzhou",2004-09-01,47.9743153069874
"Guangzhou",2004-10-01,47.8016331881293
"Guangzhou",2004-11-01,47.6289510692713
"Guangzhou",2004-12-01,47.2888365791588
"Guangzhou",2005-01-01,46.9487220890464
"Guangzhou",2005-02-01,46.3025919322784
"Guangzhou",2005-03-01,45.6564617755105
"Guangzhou",2005-04-01,45.0209266266116
"Guangzhou",2005-05-01,44.3853914777127
"Guangzhou",2005-06-01,44.1506844745026
"Guangzhou",2005-07-01,43.9159774712925
"Guangzhou",2005-08-01,44.0410236064785
"Guangzhou",2005-09-01,44.1660697416645
"Guangzhou",2005-10-01,44.2693087630272
"Guangzhou",2005-11-01,44.37254778439
"Guangzhou",2005-12-01,44.3538513554709
"Guangzhou",2006-01-01,44.3351549265519
"Guangzhou",2006-02-01,44.3933127186164
"Guangzhou",2006-03-01,44.4514705106808
"Guangzhou",2006-04-01,44.85925195605
"Guangzhou",2006-05-01,45.2670334014191
"Guangzhou",2006-06-01,45.7700411202019
"Guangzhou",2006-07-01,46.2730488389847
"Guangzhou",2006-08-01,46.829722045843
"Guangzhou",2006-09-01,47.3863952527012
"Guangzhou",2006-10-01,47.9652360562389
"Guangzhou",2006-11-01,48.5440768597765
"Guangzhou",2006-12-01,48.7402085396016
"Guangzhou",2007-01-01,48.9363402194267
"Guangzhou",2007-02-01,48.6182973706279
"Guangzhou",2007-03-01,48.3002545218291
"Guangzhou",2007-04-01,48.1261190691086
"Guangzhou",2007-05-01,47.9519836163882
"Guangzhou",2007-06-01,48.2521215144339
"Guangzhou",2007-07-01,48.5522594124795
"Guangzhou",2007-08-01,49.0236289328045
"Guangzhou",2007-09-01,49.4949984531294
"Guangzhou",2007-10-01,49.8829842123437
"Guangzhou",2007-11-01,50.270969971558
"Guangzhou",2007-12-01,50.3775275566079
"Guangzhou",2008-01-01,50.4840851416579
"Guangzhou",2008-02-01,50.0315213873728
"Guangzhou",2008-03-01,49.5789576330877
"Guangzhou",2008-04-01,48.5741511421157
"Guangzhou",2008-05-01,47.5693446511436
"Guangzhou",2008-06-01,46.7283752647157
"Guangzhou",2008-07-01,45.8874058782878
"Guangzhou",2008-08-01,45.3970295917014
"Guangzhou",2008-09-01,44.906653305115
"Guangzhou",2008-10-01,44.6515455114215
"Guangzhou",2008-11-01,44.396437717728
"Guangzhou",2008-12-01,44.4039581640751
"Guangzhou",2009-01-01,44.4114786104222
"Guangzhou",2009-02-01,44.6485150388441
"Guangzhou",2009-03-01,44.885551467266
"Guangzhou",2009-04-01,45.1859360829723
"Guangzhou",2009-05-01,45.4863206986785
"Guangzhou",2009-06-01,45.4702315709881
"Guangzhou",2009-07-01,45.4541424432976
"Guangzhou",2009-08-01,45.1161520363359
"Guangzhou",2009-09-01,44.7781616293741
"Guangzhou",2009-10-01,44.4848958582436
"Guangzhou",2009-11-01,44.1916300871131
"Guangzhou",2009-12-01,43.8241301862821
"Guangzhou",2010-01-01,43.456630285451
"Guangzhou",2010-02-01,42.8946495463614
"Guangzhou",2010-03-01,42.3326688072719
"Guangzhou",2010-04-01,41.9955795522507
"Guangzhou",2010-05-01,41.6584902972296
"Guangzhou",2010-06-01,41.9233769696433
"Guangzhou",2010-07-01,42.188263642057
"Guangzhou",2010-08-01,42.8121635265468
"Guangzhou",2010-09-01,43.4360634110366
"Guangzhou",2010-10-01,44.0981589722768
"Guangzhou",2010-11-01,44.760254533517
"Guangzhou",2010-12-01,45.351213450054
"Guangzhou",2011-01-01,45.942172366591
"Guangzhou",2011-02-01,46.2851828659915
"Guangzhou",2011-03-01,46.628193365392
"Guangzhou",2011-04-01,46.46674830802
"Guangzhou",2011-05-01,46.3053032506479
"Guangzhou",2011-06-01,45.8306104261198
"Guangzhou",2011-07-01,45.3559176015916
"Guangzhou",2011-08-01,44.8544323874931
"Guangzhou",2011-09-01,44.3529471733946
"Guangzhou",2011-10-01,43.8318060770849
"Guangzhou",2011-11-01,43.3106649807751
"Guangzhou",2011-12-01,43.0210616331405
"Guangzhou",2012-01-01,42.7314582855058
"Guangzhou",2012-02-01,42.8381154931234
"Guangzhou",2012-03-01,42.9447727007409
"Guangzhou",2012-04-01,43.2831596261159
"Guangzhou",2012-05-01,43.6215465514909
"Guangzhou",2012-06-01,43.8277457867639
"Guangzhou",2012-07-01,44.0339450220369
"Guangzhou",2012-08-01,44.3258232253046
"Guangzhou",2012-09-01,44.6177014285723
"Guangzhou",2012-10-01,44.9511733877164
"Guangzhou",2012-11-01,45.2846453468605
"Guangzhou",2012-12-01,45.1782927196871
"Guangzhou",2013-01-01,45.0719400925137
"Guangzhou",2013-02-01,44.599213133964
"Guangzhou",2013-03-01,44.1264861754143
"Guangzhou",2013-04-01,44.0997848612047
"Guangzhou",2013-05-01,44.0730835469951
"Guangzhou",2013-06-01,44.893189558915
"Guangzhou",2013-07-01,45.7132955708348
"Guangzhou",2013-08-01,46.3044877512878
"Guangzhou",2013-09-01,46.8956799317407
"Guangzhou",2013-10-01,47.1752794597918
"Guangzhou",2013-11-01,47.4548789878429
"Guangzhou",2013-12-01,47.7678085878021
"Guangzhou",2014-01-01,48.0807381877612
"Guangzhou",2014-02-01,48.0275971260614
"Guangzhou",2014-03-01,47.9744560643616
"Guangzhou",2014-04-01,47.226239930398
"Guangzhou",2014-05-01,46.4780237964344
"Guangzhou",2014-06-01,45.4181805086697
"Guangzhou",2014-07-01,44.358337220905
"Guangzhou",2014-08-01,43.6085981554205
"Guangzhou",2014-09-01,42.858859089936
"Guangzhou",2014-10-01,42.2064202779026
"Guangzhou",2014-11-01,41.5539814658692
"Guangzhou",2014-12-01,40.9272699272447
"Guangzhou",2015-01-01,40.3005583886201
"Guangzhou",2015-02-01,39.9121754989356
"Guangzhou",2015-03-01,39.5237926092511
"Guangzhou",2015-04-01,38.8814970405597
"Guangzhou",2015-05-01,38.2392014718683
"Guangzhou",2015-06-01,37.045394527276
"Guangzhou",2015-07-01,35.8515875826837
"Guangzhou",2015-08-01,34.8460250931485
"Guangzhou",2015-09-01,33.8404626036133
"Guangzhou",2015-10-01,33.4405744089105
"Guangzhou",2015-11-01,33.0406862142078
"Guangzhou",2015-12-01,32.8997990691698
"Guangzhou",2016-01-01,32.7589119241317
"Guangzhou",2016-02-01,32.7089205568526
"Guangzhou",2016-03-01,32.6589291895735
"Guangzhou",2016-04-01,32.8695021100508
"Guangzhou",2016-05-01,33.0800750305281
"Guangzhou",2016-06-01,33.5892610557162
"Guangzhou",2016-07-01,34.0984470809042
"Guangzhou",2016-08-01,34.377509107998
"Guangzhou",2016-09-01,34.6565711350917
"Guangzhou",2016-10-01,34.5811070101903
"Guangzhou",2016-11-01,34.5056428852889
"Guangzhou",2016-12-01,34.4139965625658
"Guangzhou",2017-01-01,34.3223502398427
"Guangzhou",2017-02-01,34.2963619749031
"Guangzhou",2017-03-01,34.2703737099635
"Guangzhou",2017-04-01,34.2740585947422
"Guangzhou",2017-05-01,34.277743479521
"Guangzhou",2017-06-01,34.2239403872292
"Guangzhou",2017-07-01,34.1701372949374
"Guangzhou",2017-08-01,34.1318601345126
"Guangzhou",2017-09-01,34.0935829740879
"Guangzhou",2017-10-01,34.0836783282754
"Guangzhou",2017-11-01,34.0737736824629
"Guangzhou",2017-12-01,34.1124842421631
"Guangzhou",2018-01-01,34.1511948018632
"Guangzhou",2018-02-01,34.2107936850524
"Guangzhou",2018-03-01,34.2703925682415
"Guangzhou",2018-04-01,33.9466970878997
"Guangzhou",2018-05-01,33.6230016075579
"Guangzhou",2018-06-01,32.6710935192662
"Guangzhou",2018-07-01,31.7191854309746
"Guangzhou",2018-08-01,30.4833091885128
"Guangzhou",2018-09-01,29.2474329460511
"Guangzhou",2018-10-01,28.218491198067
"Guangzhou",2018-11-01,27.189549450083
"Guangzhou",2018-12-01,26.665750198289
"Guangzhou",2019-01-01,26.1419509464949
"Guangzhou",2019-02-01,26.1942163105892
"Guangzhou",2019-03-01,26.2464816746835
"Guangzhou",2019-04-01,26.7544792550831
"Guangzhou",2019-05-01,27.2624768354827
"Guangzhou",2019-06-01,27.622322953703
"Guangzhou",2019-07-01,27.9821690719233
"Guangzhou",2019-08-01,27.8252449522039
"Guangzhou",2019-09-01,27.6683208324844
"Guangzhou",2019-10-01,27.234527631057
"Guangzhou",2019-11-01,26.8007344296297
"Guangzhou",2019-12-01,26.3429943105661
"Guangzhou",2020-01-01,25.8852541915026
"Guangzhou",2020-02-01,25.3992927402051
"Guangzhou",2020-03-01,24.9133312889077
"Guangzhou",2020-04-01,24.4516465939765
"Guangzhou",2020-05-01,23.9899618990453
"Guangzhou",2020-06-01,23.8687917444033
"Guangzhou",2020-07-01,23.7476215897612
"Guangzhou",2020-08-01,23.8707015756725
"Guangzhou",2020-09-01,23.9937815615837
"Guangzhou",2020-10-01,23.9272702531288
"Guangzhou",2020-11-01,23.8607589446739
"Guangzhou",2020-12-01,23.8841505684155
"Guangzhou",2021-01-01,23.9075421921571
"Guangzhou",2021-02-01,24.029120150623
"Guangzhou",2021-03-01,24.1506981090888
"Guangzhou",2021-04-01,23.6556927379369
"Guangzhou",2021-05-01,23.1606873667851
"Guangzhou",2021-06-01,22.6436154643852
"Guangzhou",2021-07-01,22.1265435619853
"Guangzhou",2021-08-01,21.5955033016663
"Guangzhou",2021-09-01,21.0644630413473
"Guangzhou",2021-10-01,20.4350413471588
"Guangzhou",2021-11-01,19.8056196529703
"Guangzhou",2021-12-01,19.0805358386288
"Shenzhen",2000-01-01,32.210193083477
"Shenzhen",2000-02-01,32.0385730545242
"Shenzhen",2000-03-01,31.8669530255715
"Shenzhen",2000-04-01,31.7096919819996
"Shenzhen",2000-05-01,31.5524309384277
"Shenzhen",2000-06-01,31.4594765934584
"Shenzhen",2000-07-01,31.3665222484892
"Shenzhen",2000-08-01,31.3216632309555
"Shenzhen",2000-09-01,31.2768042134218
"Shenzhen",2000-10-01,31.2441498425723
"Shenzhen",2000-11-01,31.2114954717228
"Shenzhen",2000-12-01,31.4613607037566
"Shenzhen",2001-01-01,31.7112259357904
"Shenzhen",2001-02-01,32.2908532587648
"Shenzhen",2001-03-01,32.8704805817391
"Shenzhen",2001-04-01,33.5811286920732
"Shenzhen",2001-05-01,34.2917768024073
"Shenzhen",2001-06-01,34.7126287467951
"Shenzhen",2001-07-01,35.133480691183
"Shenzhen",2001-08-01,35.2120147561878
"Shenzhen",2001-09-01,35.2905488211926
"Shenzhen",2001-10-01,35.1633875449589
"Shenzhen",2001-11-01,35.0362262687252
"Shenzhen",2001-12-01,34.8914292364942
"Shenzhen",2002-01-01,34.7466322042632
"Shenzhen",2002-02-01,34.6085693591365
"Shenzhen",2002-03-01,34.4705065140097
"Shenzhen",2002-04-01,34.1163320805938
"Shenzhen",2002-05-01,33.7621576471778
"Shenzhen",2002-06-01,33.3956926578617
"Shenzhen",2002-07-01,33.0292276685455
"Shenzhen",2002-08-01,32.9110129189203
"Shenzhen",2002-09-01,32.7927981692951
"Shenzhen",2002-10-01,33.0697004416765
"Shenzhen",2002-11-01,33.3466027140578
"Shenzhen",2002-12-01,33.7129812210864
"Shenzhen",2003-01-01,34.079359728115
"Shenzhen",2003-02-01,34.4302907386492
"Shenzhen",2003-03-01,34.7812217491834
"Shenzhen",2003-04-01,35.4178341195735
"Shenzhen",2003-05-01,36.0544464899636
"Shenzhen",2003-06-01,36.8496150170358
"Shenzhen",2003-07-01,37.644783544108
"Shenzhen",2003-08-01,38.3578963788039
"Shenzhen",2003-09-01,39.0710092134997
"Shenzhen",2003-10-01,39.627933282568
"Shenzhen",2003-11-01,40.1848573516363
"Shenzhen",2003-12-01,40.5626695533698
"Shenzhen",2004-01-01,40.9404817551033
"Shenzhen",2004-02-01,41.4218562380908
"Shenzhen",2004-03-01,41.9032307210784
"Shenzhen",2004-04-01,42.3941242289386
"Shenzhen",2004-05-01,42.8850177367988
"Shenzhen",2004-06-01,43.1541735031798
"Shenzhen",2004-07-01,43.4233292695609
"Shenzhen",2004-08-01,43.4043085862811
"Shenzhen",2004-09-01,43.3852879030012
"Shenzhen",2004-10-01,43.2236018197584
"Shenzhen",2004-11-01,43.0619157365155
"Shenzhen",2004-12-01,42.7966942122225
"Shenzhen",2005-01-01,42.5314726879296
"Shenzhen",2005-02-01,42.0537135321142
"Shenzhen",2005-03-01,41.5759543762989
"Shenzhen",2005-04-01,41.0530523782716
"Shenzhen",2005-05-01,40.5301503802444
"Shenzhen",2005-06-01,40.1930809714171
"Shenzhen",2005-07-01,39.8560115625898
"Shenzhen",2005-08-01,39.7934916772909
"Shenzhen",2005-09-01,39.7309717919919
"Shenzhen",2005-10-01,39.7432498793261
"Shenzhen",2005-11-01,39.7555279666603
"Shenzhen",2005-12-01,39.6899354647718
"Shenzhen",2006-01-01,39.6243429628834
"Shenzhen",2006-02-01,39.6598144754107
"Shenzhen",2006-03-01,39.6952859879381
"Shenzhen",2006-04-01,40.1231467801952
"Shenzhen",2006-05-01,40.5510075724523
"Shenzhen",2006-06-01,41.1220796573391
"Shenzhen",2006-07-01,41.6931517422258
"Shenzhen",2006-08-01,42.241256236265
"Shenzhen",2006-09-01,42.7893607303042
"Shenzhen",2006-10-01,43.2887073555173
"Shenzhen",2006-11-01,43.7880539807304
"Shenzhen",2006-12-01,43.8939759288635
"Shenzhen",2007-01-01,43.9998978769966
"Shenzhen",2007-02-01,43.6317191345549
"Shenzhen",2007-03-01,43.2635403921132
"Shenzhen",2007-04-01,42.9556757448165
"Shenzhen",2007-05-01,42.6478110975198
"Shenzhen",2007-06-01,42.7694303515127
"Shenzhen",2007-07-01,42.8910496055057
"Shenzhen",2007-08-01,43.2737751477212
"Shenzhen",2007-09-01,43.6565006899366
"Shenzhen",2007-10-01,44.0581762965271
"Shenzhen",2007-11-01,44.4598519031176
"Shenzhen",2007-12-01,44.6238382721261
"Shenzhen",2008-01-01,44.7878246411347
"Shenzhen",2008-02-01,44.420362751194
"Shenzhen",2008-03-01,44.0529008612533
"Shenzhen",2008-04-01,43.2216104888764
"Shenzhen",2008-05-01,42.3903201164996
"Shenzhen",2008-06-01,41.6872305934655
"Shenzhen",2008-07-01,40.9841410704313
"Shenzhen",2008-08-01,40.4064447074186
"Shenzhen",2008-09-01,39.8287483444058
"Shenzhen",2008-10-01,39.5104161237061
"Shenzhen",2008-11-01,39.1920839030063
"Shenzhen",2008-12-01,39.1746603518141
"Shenzhen",2009-01-01,39.1572368006218
"Shenzhen",2009-02-01,39.2758310851924
"Shenzhen",2009-03-01,39.394425369763
"Shenzhen",2009-04-01,39.4305420593727
"Shenzhen",2009-05-01,39.4666587489824
"Shenzhen",2009-06-01,39.2553123827904
"Shenzhen",2009-07-01,39.0439660165984
"Shenzhen",2009-08-01,38.7673256337616
"Shenzhen",2009-09-01,38.4906852509248
"Shenzhen",2009-10-01,38.266558217797
"Shenzhen",2009-11-01,38.0424311846692
"Shenzhen",2009-12-01,37.7540330581766
"Shenzhen",2010-01-01,37.465634931684
"Shenzhen",2010-02-01,37.0916536685485
"Shenzhen",2010-03-01,36.717672405413
"Shenzhen",2010-04-01,36.6063716476922
"Shenzhen",2010-05-01,36.4950708899714
"Shenzhen",2010-06-01,36.9405736840264
"Shenzhen",2010-07-01,37.3860764780814
"Shenzhen",2010-08-01,38.1042919403937
"Shenzhen",2010-09-01,38.822507402706
"Shenzhen",2010-10-01,39.4855362519107
"Shenzhen",2010-11-01,40.1485651011153
"Shenzhen",2010-12-01,40.6990036309817
"Shenzhen",2011-01-01,41.2494421608482
"Shenzhen",2011-02-01,41.5000044506252
"Shenzhen",2011-03-01,41.7505667404021
"Shenzhen",2011-04-01,41.498765806107
"Shenzhen",2011-05-01,41.2469648718119
"Shenzhen",2011-06-01,40.7355211056913
"Shenzhen",2011-07-01,40.2240773395708
"Shenzhen",2011-08-01,39.710280118885
"Shenzhen",2011-09-01,39.1964828981992
"Shenzhen",2011-10-01,38.7131241705886
"Shenzhen",2011-11-01,38.229765442978
"Shenzhen",2011-12-01,38.0132974067798
"Shenzhen",2012-01-01,37.7968293705817
"Shenzhen",2012-02-01,37.9304931337345
"Shenzhen",2012-03-01,38.0641568968873
"Shenzhen",2012-04-01,38.2287327639866
"Shenzhen",2012-05-01,38.3933086310859
"Shenzhen",2012-06-01,38.3469228262561
"Shenzhen",2012-07-01,38.3005370214262
"Shenzhen",2012-08-01,38.3771958758624
"Shenzhen",2012-09-01,38.4538547302986
"Shenzhen",2012-10-01,38.6388246009549
"Shenzhen",2012-11-01,38.8237944716112
"Shenzhen",2012-12-01,38.6353932961585
"Shenzhen",2013-01-01,38.4469921207058
"Shenzhen",2013-02-01,38.0590684937771
"Shenzhen",2013-03-01,37.6711448668484
"Shenzhen",2013-04-01,37.8676113666793
"Shenzhen",2013-05-01,38.0640778665102
"Shenzhen",2013-06-01,38.906684517868
"Shenzhen",2013-07-01,39.7492911692257
"Shenzhen",2013-08-01,40.1678891459234
"Shenzhen",2013-09-01,40.5864871226212
"Shenzhen",2013-10-01,40.5576479206593
"Shenzhen",2013-11-01,40.5288087186974
"Shenzhen",2013-12-01,40.4716705859885
"Shenzhen",2014-01-01,40.4145324532796
"Shenzhen",2014-02-01,40.0164951518004
"Shenzhen",2014-03-01,39.6184578503211
"Shenzhen",2014-04-01,38.7338600251238
"Shenzhen",2014-05-01,37.8492621999264
"Shenzhen",2014-06-01,37.0759044013639
"Shenzhen",2014-07-01,36.3025466028014
"Shenzhen",2014-08-01,36.0861594475027
"Shenzhen",2014-09-01,35.869772292204
"Shenzhen",2014-10-01,35.6837238088873
"Shenzhen",2014-11-01,35.4976753255706
"Shenzhen",2014-12-01,35.2161278037754
"Shenzhen",2015-01-01,34.9345802819801
"Shenzhen",2015-02-01,34.7683449869537
"Shenzhen",2015-03-01,34.6021096919272
"Shenzhen",2015-04-01,34.1224082261781
"Shenzhen",2015-05-01,33.6427067604291
"Shenzhen",2015-06-01,32.5541948358357
"Shenzhen",2015-07-01,31.4656829112424
"Shenzhen",2015-08-01,30.560010653823
"Shenzhen",2015-09-01,29.6543383964037
"Shenzhen",2015-10-01,29.3554870890278
"Shenzhen",2015-11-01,29.0566357816519
"Shenzhen",2015-12-01,29.0217533100284
"Shenzhen",2016-01-01,28.986870838405
"Shenzhen",2016-02-01,28.9993426144088
"Shenzhen",2016-03-01,29.0118143904126
"Shenzhen",2016-04-01,29.1794520610616
"Shenzhen",2016-05-01,29.3470897317106
"Shenzhen",2016-06-01,29.6724514916526
"Shenzhen",2016-07-01,29.9978132515945
"Shenzhen",2016-08-01,30.0846639219048
"Shenzhen",2016-09-01,30.171514592215
"Shenzhen",2016-10-01,30.0230228615859
"Shenzhen",2016-11-01,29.8745311309568
"Shenzhen",2016-12-01,29.7709502823451
"Shenzhen",2017-01-01,29.6673694337334
"Shenzhen",2017-02-01,29.6728833991872
"Shenzhen",2017-03-01,29.6783973646411
"Shenzhen",2017-04-01,29.8712446831671
"Shenzhen",2017-05-01,30.0640920016932
"Shenzhen",2017-06-01,30.2429841652547
"Shenzhen",2017-07-01,30.4218763288162
"Shenzhen",2017-08-01,30.4440262539965
"Shenzhen",2017-09-01,30.4661761791769
"Shenzhen",2017-10-01,30.3524122520959
"Shenzhen",2017-11-01,30.2386483250149
"Shenzhen",2017-12-01,30.1980849805678
"Shenzhen",2018-01-01,30.1575216361207
"Shenzhen",2018-02-01,30.1796871079424
"Shenzhen",2018-03-01,30.2018525797642
"Shenzhen",2018-04-01,29.8533513989422
"Shenzhen",2018-05-01,29.5048502181202
"Shenzhen",2018-06-01,28.6436038866995
"Shenzhen",2018-07-01,27.7823575552787
"Shenzhen",2018-08-01,26.7806345096736
"Shenzhen",2018-09-01,25.7789114640684
"Shenzhen",2018-10-01,24.9600522330698
"Shenzhen",2018-11-01,24.1411930020712
"Shenzhen",2018-12-01,23.737173999172
"Shenzhen",2019-01-01,23.3331549962728
"Shenzhen",2019-02-01,23.474976544293
"Shenzhen",2019-03-01,23.6167980923131
"Shenzhen",2019-04-01,24.193917016186
"Shenzhen",2019-05-01,24.7710359400589
"Shenzhen",2019-06-01,25.1575289380989
"Shenzhen",2019-07-01,25.5440219361389
"Shenzhen",2019-08-01,25.3778022150629
"Shenzhen",2019-09-01,25.2115824939869
"Shenzhen",2019-10-01,24.7615501791916
"Shenzhen",2019-11-01,24.3115178643963
"Shenzhen",2019-12-01,23.7818525545397
"Shenzhen",2020-01-01,23.2521872446831
"Shenzhen",2020-02-01,22.7023829725936
"Shenzhen",2020-03-01,22.1525787005041
"Shenzhen",2020-04-01,21.7146836262894
"Shenzhen",2020-05-01,21.2767885520746
"Shenzhen",2020-06-01,21.1840004612884
"Shenzhen",2020-07-01,21.0912123705022
"Shenzhen",2020-08-01,21.0963895974632
"Shenzhen",2020-09-01,21.1015668244242
"Shenzhen",2020-10-01,20.8721063441867
"Shenzhen",2020-11-01,20.6426458639492
"Shenzhen",2020-12-01,20.5827532607078
"Shenzhen",2021-01-01,20.5228606574664
"Shenzhen",2021-02-01,20.6098141181939
"Shenzhen",2021-03-01,20.6967675789214
"Shenzhen",2021-04-01,20.3512693788081
"Shenzhen",2021-05-01,20.0057711786948
"Shenzhen",2021-06-01,19.6380457838648
"Shenzhen",2021-07-01,19.2703203890347
"Shenzhen",2021-08-01,18.9144536205085
"Shenzhen",2021-09-01,18.5585868519823
"Shenzhen",2021-10-01,18.1348040927882
"Shenzhen",2021-11-01,17.711021333594
"Shenzhen",2021-12-01,17.211727906352
"Tianjin",2000-01-01,58.8509988167539
"Tianjin",2000-02-01,60.2482999835755
"Tianjin",2000-03-01,61.6456011503972
"Tianjin",2000-04-01,62.9213455921768
"Tianjin",2000-05-01,64.1970900339564
"Tianjin",2000-06-01,65.4330720256559
"Tianjin",2000-07-01,66.6690540173554
"Tianjin",2000-08-01,67.8009589623494
"Tianjin",2000-09-01,68.9328639073434
"Tianjin",2000-10-01,69.2146247953415
"Tianjin",2000-11-01,69.4963856833396
"Tianjin",2000-12-01,69.6964580200232
"Tianjin",2001-01-01,69.8965303567069
"Tianjin",2001-02-01,70.1403354663695
"Tianjin",2001-03-01,70.384140576032
"Tianjin",2001-04-01,70.447294787831
"Tianjin",2001-05-01,70.5104489996299
"Tianjin",2001-06-01,70.3470706186177
"Tianjin",2001-07-01,70.1836922376054
"Tianjin",2001-08-01,70.0792092060682
"Tianjin",2001-09-01,69.9747261745309
"Tianjin",2001-10-01,69.7276163225816
"Tianjin",2001-11-01,69.4805064706322
"Tianjin",2001-12-01,69.4180565584099
"Tianjin",2002-01-01,69.3556066461875
"Tianjin",2002-02-01,69.8021109518976
"Tianjin",2002-03-01,70.2486152576078
"Tianjin",2002-04-01,70.9929218199846
"Tianjin",2002-05-01,71.7372283823615
"Tianjin",2002-06-01,72.7600243513381
"Tianjin",2002-07-01,73.7828203203147
"Tianjin",2002-08-01,74.9833934500026
"Tianjin",2002-09-01,76.1839665796906
"Tianjin",2002-10-01,77.6658022609095
"Tianjin",2002-11-01,79.1476379421284
"Tianjin",2002-12-01,80.3927210386381
"Tianjin",2003-01-01,81.6378041351479
"Tianjin",2003-02-01,82.0792381931238
"Tianjin",2003-03-01,82.5206722510996
"Tianjin",2003-04-01,82.240088565788
"Tianjin",2003-05-01,81.9595048804765
"Tianjin",2003-06-01,80.9326183707201
"Tianjin",2003-07-01,79.9057318609638
"Tianjin",2003-08-01,78.2329767199186
"Tianjin",2003-09-01,76.5602215788733
"Tianjin",2003-10-01,74.9396226942634
"Tianjin",2003-11-01,73.3190238096535
"Tianjin",2003-12-01,72.4204931515125
"Tianjin",2004-01-01,71.5219624933715
"Tianjin",2004-02-01,71.7171953980575
"Tianjin",2004-03-01,71.9124283027435
"Tianjin",2004-04-01,72.9121870508656
"Tianjin",2004-05-01,73.9119457989877
"Tianjin",2004-06-01,75.0368348746169
"Tianjin",2004-07-01,76.1617239502462
"Tianjin",2004-08-01,76.7482493734786
"Tianjin",2004-09-01,77.3347747967109
"Tianjin",2004-10-01,77.3314878303395
"Tianjin",2004-11-01,77.3282008639682
"Tianjin",2004-12-01,77.2888065076559
"Tianjin",2005-01-01,77.2494121513437
"Tianjin",2005-02-01,77.3121147164633
"Tianjin",2005-03-01,77.374817281583
"Tianjin",2005-04-01,77.192085327369
"Tianjin",2005-05-01,77.009353373155
"Tianjin",2005-06-01,77.1742571320263
"Tianjin",2005-07-01,77.3391608908976
"Tianjin",2005-08-01,77.9308903763054
"Tianjin",2005-09-01,78.5226198617131
"Tianjin",2005-10-01,79.1435241504216
"Tianjin",2005-11-01,79.7644284391301
"Tianjin",2005-12-01,80.2874306485951
"Tianjin",2006-01-01,80.8104328580601
"Tianjin",2006-02-01,81.5392935621979
"Tianjin",2006-03-01,82.2681542663357
"Tianjin",2006-04-01,83.2405337838379
"Tianjin",2006-05-01,84.2129133013401
"Tianjin",2006-06-01,85.515448489966
"Tianjin",2006-07-01,86.817983678592
"Tianjin",2006-08-01,87.8879258764333
"Tianjin",2006-09-01,88.9578680742747
"Tianjin",2006-10-01,89.2782178393372
"Tianjin",2006-11-01,89.5985676043997
"Tianjin",2006-12-01,89.2661290192656
"Tianjin",2007-01-01,88.9336904341316
"Tianjin",2007-02-01,88.375752684121
"Tianjin",2007-03-01,87.8178149341104
"Tianjin",2007-04-01,87.1058296931648
"Tianjin",2007-05-01,86.3938444522191
"Tianjin",2007-06-01,85.5292809980709
"Tianjin",2007-07-01,84.6647175439226
"Tianjin",2007-08-01,83.7765374991966
"Tianjin",2007-09-01,82.8883574544705
"Tianjin",2007-10-01,82.804804571122
"Tianjin",2007-11-01,82.7212516877735
"Tianjin",2007-12-01,82.9726518249802
"Tianjin",2008-01-01,83.2240519621869
"Tianjin",2008-02-01,83.3189099575538
"Tianjin",2008-03-01,83.4137679529206
"Tianjin",2008-04-01,83.0783788040988
"Tianjin",2008-05-01,82.742989655277
"Tianjin",2008-06-01,82.3818183043119
"Tianjin",2008-07-01,82.0206469533467
"Tianjin",2008-08-01,82.1094686693066
"Tianjin",2008-09-01,82.1982903852665
"Tianjin",2008-10-01,81.8886130724323
"Tianjin",2008-11-01,81.5789357595983
"Tianjin",2008-12-01,80.9940699283046
"Tianjin",2009-01-01,80.409204097011
"Tianjin",2009-02-01,80.3089821404153
"Tianjin",2009-03-01,80.2087601838196
"Tianjin",2009-04-01,80.7763228998652
"Tianjin",2009-05-01,81.3438856159108
"Tianjin",2009-06-01,81.9258473827439
"Tianjin",2009-07-01,82.5078091495771
"Tianjin",2009-08-01,82.5863741559045
"Tianjin",2009-09-01,82.6649391622318
"Tianjin",2009-10-01,82.7232983948946
"Tianjin",2009-11-01,82.7816576275574
"Tianjin",2009-12-01,83.1079953316935
"Tianjin",2010-01-01,83.4343330358296
"Tianjin",2010-02-01,83.4326075863212
"Tianjin",2010-03-01,83.4308821368128
"Tianjin",2010-04-01,82.8478124006206
"Tianjin",2010-05-01,82.2647426644284
"Tianjin",2010-06-01,81.1650783783919
"Tianjin",2010-07-01,80.0654140923553
"Tianjin",2010-08-01,79.2489762018195
"Tianjin",2010-09-01,78.4325383112837
"Tianjin",2010-10-01,77.8237224337448
"Tianjin",2010-11-01,77.214906556206
"Tianjin",2010-12-01,76.9227688126722
"Tianjin",2011-01-01,76.6306310691385
"Tianjin",2011-02-01,77.0093015995014
"Tianjin",2011-03-01,77.3879721298643
"Tianjin",2011-04-01,78.7879625195401
"Tianjin",2011-05-01,80.187952909216
"Tianjin",2011-06-01,81.9437545701347
"Tianjin",2011-07-01,83.6995562310533
"Tianjin",2011-08-01,84.7566469268205
"Tianjin",2011-09-01,85.8137376225876
"Tianjin",2011-10-01,86.2247508110675
"Tianjin",2011-11-01,86.6357639995473
"Tianjin",2011-12-01,86.4374300248395
"Tianjin",2012-01-01,86.2390960501317
"Tianjin",2012-02-01,85.3194105658255
"Tianjin",2012-03-01,84.3997250815193
"Tianjin",2012-04-01,83.2782218555625
"Tianjin",2012-05-01,82.1567186296057
"Tianjin",2012-06-01,82.340316721804
"Tianjin",2012-07-01,82.5239148140023
"Tianjin",2012-08-01,83.845333835111
"Tianjin",2012-09-01,85.1667528562197
"Tianjin",2012-10-01,86.2653687030462
"Tianjin",2012-11-01,87.3639845498728
"Tianjin",2012-12-01,88.2878484523735
"Tianjin",2013-01-01,89.2117123548742
"Tianjin",2013-02-01,90.2855506260939
"Tianjin",2013-03-01,91.3593888973135
"Tianjin",2013-04-01,91.7312862672053
"Tianjin",2013-05-01,92.1031836370971
"Tianjin",2013-06-01,91.7391825858016
"Tianjin",2013-07-01,91.375181534506
"Tianjin",2013-08-01,91.231017284537
"Tianjin",2013-09-01,91.086853034568
"Tianjin",2013-10-01,91.2625415638979
"Tianjin",2013-11-01,91.4382300932278
"Tianjin",2013-12-01,90.9895163943608
"Tianjin",2014-01-01,90.5408026954938
"Tianjin",2014-02-01,90.0328745823842
"Tianjin",2014-03-01,89.5249464692747
"Tianjin",2014-04-01,89.2163505793675
"Tianjin",2014-05-01,88.9077546894603
"Tianjin",2014-06-01,88.0072002476845
"Tianjin",2014-07-01,87.1066458059088
"Tianjin",2014-08-01,85.5849291858704
"Tianjin",2014-09-01,84.063212565832
"Tianjin",2014-10-01,82.7696662881652
"Tianjin",2014-11-01,81.4761200104983
"Tianjin",2014-12-01,80.3254277763654
"Tianjin",2015-01-01,79.1747355422325
"Tianjin",2015-02-01,77.5697441152028
"Tianjin",2015-03-01,75.9647526881731
"Tianjin",2015-04-01,74.7844086617284
"Tianjin",2015-05-01,73.6040646352838
"Tianjin",2015-06-01,73.3377253800655
"Tianjin",2015-07-01,73.0713861248472
"Tianjin",2015-08-01,72.703444249799
"Tianjin",2015-09-01,72.3355023747508
"Tianjin",2015-10-01,71.6941497356944
"Tianjin",2015-11-01,71.052797096638
"Tianjin",2015-12-01,70.5520104056559
"Tianjin",2016-01-01,70.0512237146739
"Tianjin",2016-02-01,69.5051288171567
"Tianjin",2016-03-01,68.9590339196395
"Tianjin",2016-04-01,68.7879560666419
"Tianjin",2016-05-01,68.6168782136443
"Tianjin",2016-06-01,69.6534290857678
"Tianjin",2016-07-01,70.6899799578912
"Tianjin",2016-08-01,72.3699634049402
"Tianjin",2016-09-01,74.0499468519892
"Tianjin",2016-10-01,74.7549017900184
"Tianjin",2016-11-01,75.4598567280476
"Tianjin",2016-12-01,75.2734456245541
"Tianjin",2017-01-01,75.0870345210607
"Tianjin",2017-02-01,74.1511462174423
"Tianjin",2017-03-01,73.215257913824
"Tianjin",2017-04-01,70.8674001705959
"Tianjin",2017-05-01,68.5195424273677
"Tianjin",2017-06-01,64.983154809001
"Tianjin",2017-07-01,61.4467671906342
"Tianjin",2017-08-01,59.1668198763716
"Tianjin",2017-09-01,56.8868725621089
"Tianjin",2017-10-01,56.1536271152654
"Tianjin",2017-11-01,55.4203816684218
"Tianjin",2017-12-01,54.958873510036
"Tianjin",2018-01-01,54.4973653516502
"Tianjin",2018-02-01,54.0023156322259
"Tianjin",2018-03-01,53.5072659128017
"Tianjin",2018-04-01,53.474188820734
"Tianjin",2018-05-01,53.4411117286662
"Tianjin",2018-06-01,53.7453281085475
"Tianjin",2018-07-01,54.0495444884288
"Tianjin",2018-08-01,53.9811052922751
"Tianjin",2018-09-01,53.9126660961213
"Tianjin",2018-10-01,53.4730631499341
"Tianjin",2018-11-01,53.0334602037468
"Tianjin",2018-12-01,52.7832797016428
"Tianjin",2019-01-01,52.5330991995387
"Tianjin",2019-02-01,52.3255134078135
"Tianjin",2019-03-01,52.1179276160884
"Tianjin",2019-04-01,51.6837020855056
"Tianjin",2019-05-01,51.2494765549229
"Tianjin",2019-06-01,50.661962062665
"Tianjin",2019-07-01,50.0744475704072
"Tianjin",2019-08-01,49.3731190222315
"Tianjin",2019-09-01,48.6717904740559
"Tianjin",2019-10-01,48.0575150204113
"Tianjin",2019-11-01,47.4432395667666
"Tianjin",2019-12-01,47.0943535546666
"Tianjin",2020-01-01,46.7454675425667
"Tianjin",2020-02-01,46.695950018866
"Tianjin",2020-03-01,46.6464324951653
"Tianjin",2020-04-01,46.3720574006914
"Tianjin",2020-05-01,46.0976823062175
"Tianjin",2020-06-01,45.223876466695
"Tianjin",2020-07-01,44.3500706271726
"Tianjin",2020-08-01,43.9615777430983
"Tianjin",2020-09-01,43.573084859024
"Tianjin",2020-10-01,43.8626667812301
"Tianjin",2020-11-01,44.1522487034362
"Tianjin",2020-12-01,43.8817802744385
"Tianjin",2021-01-01,43.6113118454408
"Tianjin",2021-02-01,43.0703414907455
"Tianjin",2021-03-01,42.5293711360502
"Tianjin",2021-04-01,41.7776686551628
"Tianjin",2021-05-01,41.0259661742754
"Tianjin",2021-06-01,39.9999361754169
"Tianjin",2021-07-01,38.9739061765584
"Tianjin",2021-08-01,37.8035582218415
"Tianjin",2021-09-01,36.6332102671247
"Tianjin",2021-10-01,35.3375262958602
"Tianjin",2021-11-01,34.0418423245957
"Tianjin",2021-12-01,32.6408707962906
"Chongqing",2000-01-01,40.7305824560241
"Chongqing",2000-02-01,41.2740852291986
"Chongqing",2000-03-01,41.8175880023732
"Chongqing",2000-04-01,42.2927884649133
"Chongqing",2000-05-01,42.7679889274535
"Chongqing",2000-06-01,43.2569052362391
"Chongqing",2000-07-01,43.7458215450248
"Chongqing",2000-08-01,44.2315950149375
"Chongqing",2000-09-01,44.7173684848503
"Chongqing",2000-10-01,44.8010779610575
"Chongqing",2000-11-01,44.8847874372648
"Chongqing",2000-12-01,45.0141529555334
"Chongqing",2001-01-01,45.1435184738021
"Chongqing",2001-02-01,45.5754294382964
"Chongqing",2001-03-01,46.0073404027907
"Chongqing",2001-04-01,46.6840892528706
"Chongqing",2001-05-01,47.3608381029505
"Chongqing",2001-06-01,47.9001645746229
"Chongqing",2001-07-01,48.4394910462954
"Chongqing",2001-08-01,48.4336583537238
"Chongqing",2001-09-01,48.4278256611522
"Chongqing",2001-10-01,48.0430460117245
"Chongqing",2001-11-01,47.6582663622968
"Chongqing",2001-12-01,47.4285431084415
"Chongqing",2002-01-01,47.1988198545862
"Chongqing",2002-02-01,47.0713791388939
"Chongqing",2002-03-01,46.9439384232017
"Chongqing",2002-04-01,46.9828361174348
"Chongqing",2002-05-01,47.0217338116679
"Chongqing",2002-06-01,47.2444262893714
"Chongqing",2002-07-01,47.467118767075
"Chongqing",2002-08-01,47.7657131063572
"Chongqing",2002-09-01,48.0643074456393
"Chongqing",2002-10-01,48.3677379261346
"Chongqing",2002-11-01,48.6711684066298
"Chongqing",2002-12-01,48.8446488038922
"Chongqing",2003-01-01,49.0181292011547
"Chongqing",2003-02-01,49.0094346020009
"Chongqing",2003-03-01,49.0007400028472
"Chongqing",2003-04-01,48.9662441616974
"Chongqing",2003-05-01,48.9317483205476
"Chongqing",2003-06-01,48.9677417008415
"Chongqing",2003-07-01,49.0037350811354
"Chongqing",2003-08-01,49.0847485073804
"Chongqing",2003-09-01,49.1657619336255
"Chongqing",2003-10-01,49.2728278383367
"Chongqing",2003-11-01,49.3798937430479
"Chongqing",2003-12-01,49.4222711119537
"Chongqing",2004-01-01,49.4646484808594
"Chongqing",2004-02-01,49.5787035711669
"Chongqing",2004-03-01,49.6927586614743
"Chongqing",2004-04-01,49.9757811839293
"Chongqing",2004-05-01,50.2588037063843
"Chongqing",2004-06-01,50.7513829537832
"Chongqing",2004-07-01,51.243962201182
"Chongqing",2004-08-01,51.7755893966335
"Chongqing",2004-09-01,52.3072165920849
"Chongqing",2004-10-01,52.7636721648415
"Chongqing",2004-11-01,53.2201277375981
"Chongqing",2004-12-01,53.5662294627638
"Chongqing",2005-01-01,53.9123311879294
"Chongqing",2005-02-01,53.9687530104671
"Chongqing",2005-03-01,54.0251748330048
"Chongqing",2005-04-01,53.9494535865282
"Chongqing",2005-05-01,53.8737323400515
"Chongqing",2005-06-01,53.9571943694274
"Chongqing",2005-07-01,54.0406563988033
"Chongqing",2005-08-01,53.9673159625894
"Chongqing",2005-09-01,53.8939755263754
"Chongqing",2005-10-01,53.8361972947278
"Chongqing",2005-11-01,53.7784190630803
"Chongqing",2005-12-01,53.9515889761476
"Chongqing",2006-01-01,54.1247588892149
"Chongqing",2006-02-01,54.6949271436926
"Chongqing",2006-03-01,55.2650953981703
"Chongqing",2006-04-01,55.7745069113523
"Chongqing",2006-05-01,56.2839184245343
"Chongqing",2006-06-01,56.6644593467539
"Chongqing",2006-07-01,57.0450002689735
"Chongqing",2006-08-01,57.5299335189822
"Chongqing",2006-09-01,58.0148667689909
"Chongqing",2006-10-01,58.299304476571
"Chongqing",2006-11-01,58.583742184151
"Chongqing",2006-12-01,58.4131859887967
"Chongqing",2007-01-01,58.2426297934424
"Chongqing",2007-02-01,57.6636102689718
"Chongqing",2007-03-01,57.0845907445012
"Chongqing",2007-04-01,56.7864402982548
"Chongqing",2007-05-01,56.4882898520084
"Chongqing",2007-06-01,56.851306921538
"Chongqing",2007-07-01,57.2143239910677
"Chongqing",2007-08-01,57.9254302953627
"Chongqing",2007-09-01,58.6365365996577
"Chongqing",2007-10-01,59.272116716795
"Chongqing",2007-11-01,59.9076968339322
"Chongqing",2007-12-01,60.2389917600767
"Chongqing",2008-01-01,60.5702866862213
"Chongqing",2008-02-01,60.4532353058062
"Chongqing",2008-03-01,60.3361839253911
"Chongqing",2008-04-01,59.6459837722325
"Chongqing",2008-05-01,58.9557836190738
"Chongqing",2008-06-01,58.2020605435174
"Chongqing",2008-07-01,57.4483374679609
"Chongqing",2008-08-01,56.9356590850568
"Chongqing",2008-09-01,56.4229807021527
"Chongqing",2008-10-01,56.0729931377672
"Chongqing",2008-11-01,55.7230055733817
"Chongqing",2008-12-01,55.5042333052862
"Chongqing",2009-01-01,55.2854610371906
"Chongqing",2009-02-01,55.372909982707
"Chongqing",2009-03-01,55.4603589282234
"Chongqing",2009-04-01,55.6174644037898
"Chongqing",2009-05-01,55.7745698793562
"Chongqing",2009-06-01,55.8401228756115
"Chongqing",2009-07-01,55.9056758718668
"Chongqing",2009-08-01,56.3110265200411
"Chongqing",2009-09-01,56.7163771682153
"Chongqing",2009-10-01,57.2323062337322
"Chongqing",2009-11-01,57.7482352992492
"Chongqing",2009-12-01,57.8322127605557
"Chongqing",2010-01-01,57.9161902218623
"Chongqing",2010-02-01,57.3769708767693
"Chongqing",2010-03-01,56.8377515316763
"Chongqing",2010-04-01,56.0565257888643
"Chongqing",2010-05-01,55.2753000460523
"Chongqing",2010-06-01,54.9066926195422
"Chongqing",2010-07-01,54.5380851930321
"Chongqing",2010-08-01,54.7088754251902
"Chongqing",2010-09-01,54.8796656573484
"Chongqing",2010-10-01,55.3431602357568
"Chongqing",2010-11-01,55.8066548141652
"Chongqing",2010-12-01,56.371640346014
"Chongqing",2011-01-01,56.9366258778629
"Chongqing",2011-02-01,57.472431661604
"Chongqing",2011-03-01,58.0082374453452
"Chongqing",2011-04-01,58.2700475353783
"Chongqing",2011-05-01,58.5318576254113
"Chongqing",2011-06-01,58.417700981778
"Chongqing",2011-07-01,58.3035443381446
"Chongqing",2011-08-01,58.177463721811
"Chongqing",2011-09-01,58.0513831054774
"Chongqing",2011-10-01,58.1157284093355
"Chongqing",2011-11-01,58.1800737131937
"Chongqing",2011-12-01,58.076917135678
"Chongqing",2012-01-01,57.9737605581623
"Chongqing",2012-02-01,57.6923403364385
"Chongqing",2012-03-01,57.4109201147148
"Chongqing",2012-04-01,56.9427620639334
"Chongqing",2012-05-01,56.474604013152
"Chongqing",2012-06-01,55.9292674949893
"Chongqing",2012-07-01,55.3839309768266
"Chongqing",2012-08-01,55.2630074811286
"Chongqing",2012-09-01,55.1420839854306
"Chongqing",2012-10-01,55.3419535643151
"Chongqing",2012-11-01,55.5418231431995
"Chongqing",2012-12-01,55.7096783065123
"Chongqing",2013-01-01,55.8775334698251
"Chongqing",2013-02-01,56.055488279074
"Chongqing",2013-03-01,56.2334430883229
"Chongqing",2013-04-01,56.6452384754935
"Chongqing",2013-05-01,57.0570338626641
"Chongqing",2013-06-01,57.6230853077589
"Chongqing",2013-07-01,58.1891367528537
"Chongqing",2013-08-01,58.5313835477218
"Chongqing",2013-09-01,58.8736303425899
"Chongqing",2013-10-01,59.1245471916406
"Chongqing",2013-11-01,59.3754640406913
"Chongqing",2013-12-01,59.4542286016845
"Chongqing",2014-01-01,59.5329931626778
"Chongqing",2014-02-01,59.0777731402401
"Chongqing",2014-03-01,58.6225531178024
"Chongqing",2014-04-01,57.6408224175149
"Chongqing",2014-05-01,56.6590917172274
"Chongqing",2014-06-01,55.3418735388532
"Chongqing",2014-07-01,54.0246553604791
"Chongqing",2014-08-01,52.6786306247504
"Chongqing",2014-09-01,51.3326058890217
"Chongqing",2014-10-01,50.272376358482
"Chongqing",2014-11-01,49.2121468279424
"Chongqing",2014-12-01,48.4021241177764
"Chongqing",2015-01-01,47.5921014076104
"Chongqing",2015-02-01,47.0714251016516
"Chongqing",2015-03-01,46.5507487956928
"Chongqing",2015-04-01,45.8214997346869
"Chongqing",2015-05-01,45.092250673681
"Chongqing",2015-06-01,44.0409222806641
"Chongqing",2015-07-01,42.9895938876472
"Chongqing",2015-08-01,42.1547970884099
"Chongqing",2015-09-01,41.3200002891726
"Chongqing",2015-10-01,40.8020035316014
"Chongqing",2015-11-01,40.2840067740302
"Chongqing",2015-12-01,39.9101310009349
"Chongqing",2016-01-01,39.5362552278396
"Chongqing",2016-02-01,39.5635553658309
"Chongqing",2016-03-01,39.5908555038221
"Chongqing",2016-04-01,40.1675666655295
"Chongqing",2016-05-01,40.7442778272368
"Chongqing",2016-06-01,41.4798224327595
"Chongqing",2016-07-01,42.2153670382822
"Chongqing",2016-08-01,42.3507080451335
"Chongqing",2016-09-01,42.4860490519848
"Chongqing",2016-10-01,42.181372779969
"Chongqing",2016-11-01,41.8766965079533
"Chongqing",2016-12-01,41.4920489394732
"Chongqing",2017-01-01,41.1074013709931
"Chongqing",2017-02-01,40.5580915372738
"Chongqing",2017-03-01,40.0087817035545
"Chongqing",2017-04-01,39.5397032878351
"Chongqing",2017-05-01,39.0706248721158
"Chongqing",2017-06-01,38.8123680032998
"Chongqing",2017-07-01,38.5541111344838
"Chongqing",2017-08-01,38.288235516519
"Chongqing",2017-09-01,38.0223598985542
"Chongqing",2017-10-01,37.7232577726545
"Chongqing",2017-11-01,37.4241556467549
"Chongqing",2017-12-01,37.2634202753367
"Chongqing",2018-01-01,37.1026849039184
"Chongqing",2018-02-01,37.0428148092773
"Chongqing",2018-03-01,36.9829447146362
"Chongqing",2018-04-01,36.7442233666623
"Chongqing",2018-05-01,36.5055020186883
"Chongqing",2018-06-01,35.9566017625649
"Chongqing",2018-07-01,35.4077015064414
"Chongqing",2018-08-01,34.7849158818003
"Chongqing",2018-09-01,34.1621302571592
"Chongqing",2018-10-01,33.523279116987
"Chongqing",2018-11-01,32.8844279768148
"Chongqing",2018-12-01,32.4690146904539
"Chongqing",2019-01-01,32.053601404093
"Chongqing",2019-02-01,32.0005019981622
"Chongqing",2019-03-01,31.9474025922314
"Chongqing",2019-04-01,32.0601058563801
"Chongqing",2019-05-01,32.1728091205287
"Chongqing",2019-06-01,31.9206498813916
"Chongqing",2019-07-01,31.6684906422544
"Chongqing",2019-08-01,31.0338149110942
"Chongqing",2019-09-01,30.399139179934
"Chongqing",2019-10-01,29.7780765182507
"Chongqing",2019-11-01,29.1570138565674
"Chongqing",2019-12-01,28.7402446427714
"Chongqing",2020-01-01,28.3234754289753
"Chongqing",2020-02-01,28.110997618699
"Chongqing",2020-03-01,27.8985198084227
"Chongqing",2020-04-01,28.0413759435737
"Chongqing",2020-05-01,28.1842320787246
"Chongqing",2020-06-01,28.5250619342658
"Chongqing",2020-07-01,28.865891789807
"Chongqing",2020-08-01,28.9280461424525
"Chongqing",2020-09-01,28.9902004950979
"Chongqing",2020-10-01,28.6397386200735
"Chongqing",2020-11-01,28.2892767450491
"Chongqing",2020-12-01,28.1693219011698
"Chongqing",2021-01-01,28.0493670572905
"Chongqing",2021-02-01,28.1570564982958
"Chongqing",2021-03-01,28.264745939301
"Chongqing",2021-04-01,28.5586987239812
"Chongqing",2021-05-01,28.8526515086614
"Chongqing",2021-06-01,29.1939215729077
"Chongqing",2021-07-01,29.535191637154
"Chongqing",2021-08-01,29.9288244111728
"Chongqing",2021-09-01,30.3224571851916
"Chongqing",2021-10-01,30.7007728678146
"Chongqing",2021-11-01,31.0790885504377
"Chongqing",2021-12-01,31.424717257611
"Chengdu",2000-01-01,43.4987578376171
"Chengdu",2000-02-01,44.5235809348956
"Chengdu",2000-03-01,45.5484040321741
"Chengdu",2000-04-01,46.448911129309
"Chengdu",2000-05-01,47.3494182264441
"Chengdu",2000-06-01,48.2189975838802
"Chengdu",2000-07-01,49.0885769413164
"Chengdu",2000-08-01,49.9197940305651
"Chengdu",2000-09-01,50.7510111198138
"Chengdu",2000-10-01,50.9194816030703
"Chengdu",2000-11-01,51.0879520863267
"Chengdu",2000-12-01,51.0484943042003
"Chengdu",2001-01-01,51.009036522074
"Chengdu",2001-02-01,51.1224890298236
"Chengdu",2001-03-01,51.2359415375732
"Chengdu",2001-04-01,51.5288727063006
"Chengdu",2001-05-01,51.821803875028
"Chengdu",2001-06-01,51.987503668697
"Chengdu",2001-07-01,52.153203462366
"Chengdu",2001-08-01,52.0346033286588
"Chengdu",2001-09-01,51.9160031949516
"Chengdu",2001-10-01,51.6455584454778
"Chengdu",2001-11-01,51.375113696004
"Chengdu",2001-12-01,51.383650633276
"Chengdu",2002-01-01,51.3921875705479
"Chengdu",2002-02-01,51.8883617808678
"Chengdu",2002-03-01,52.3845359911877
"Chengdu",2002-04-01,53.3201391692875
"Chengdu",2002-05-01,54.2557423473872
"Chengdu",2002-06-01,55.0837877407329
"Chengdu",2002-07-01,55.9118331340787
"Chengdu",2002-08-01,56.3156868790742
"Chengdu",2002-09-01,56.7195406240698
"Chengdu",2002-10-01,56.8635749372473
"Chengdu",2002-11-01,57.0076092504247
"Chengdu",2002-12-01,57.0001690324343
"Chengdu",2003-01-01,56.9927288144439
"Chengdu",2003-02-01,56.7634619490191
"Chengdu",2003-03-01,56.5341950835943
"Chengdu",2003-04-01,56.2976033474619
"Chengdu",2003-05-01,56.0610116113295
"Chengdu",2003-06-01,56.0805849219164
"Chengdu",2003-07-01,56.1001582325033
"Chengdu",2003-08-01,56.1678304057477
"Chengdu",2003-09-01,56.2355025789921
"Chengdu",2003-10-01,56.2833578255794
"Chengdu",2003-11-01,56.3312130721668
"Chengdu",2003-12-01,56.2321642398653
"Chengdu",2004-01-01,56.1331154075639
"Chengdu",2004-02-01,56.1196468350099
"Chengdu",2004-03-01,56.1061782624559
"Chengdu",2004-04-01,56.3496231996118
"Chengdu",2004-05-01,56.5930681367676
"Chengdu",2004-06-01,57.1025057273847
"Chengdu",2004-07-01,57.6119433180019
"Chengdu",2004-08-01,58.0324424640051
"Chengdu",2004-09-01,58.4529416100084
"Chengdu",2004-10-01,58.9105821318206
"Chengdu",2004-11-01,59.3682226536328
"Chengdu",2004-12-01,59.7947303862727
"Chengdu",2005-01-01,60.2212381189126
"Chengdu",2005-02-01,60.5012251221396
"Chengdu",2005-03-01,60.7812121253665
"Chengdu",2005-04-01,61.1157133081275
"Chengdu",2005-05-01,61.4502144908884
"Chengdu",2005-06-01,61.8550994160402
"Chengdu",2005-07-01,62.2599843411919
"Chengdu",2005-08-01,62.3139693948883
"Chengdu",2005-09-01,62.3679544485846
"Chengdu",2005-10-01,62.428967889495
"Chengdu",2005-11-01,62.4899813304054
"Chengdu",2005-12-01,63.0959126929032
"Chengdu",2006-01-01,63.7018440554009
"Chengdu",2006-02-01,64.7991881971755
"Chengdu",2006-03-01,65.89653233895
"Chengdu",2006-04-01,66.5999730166674
"Chengdu",2006-05-01,67.3034136943848
"Chengdu",2006-06-01,67.70493353876
"Chengdu",2006-07-01,68.1064533831351
"Chengdu",2006-08-01,68.5558921360017
"Chengdu",2006-09-01,69.0053308888683
"Chengdu",2006-10-01,69.0400726828943
"Chengdu",2006-11-01,69.0748144769203
"Chengdu",2006-12-01,68.4661163047963
"Chengdu",2007-01-01,67.8574181326722
"Chengdu",2007-02-01,67.0893388457608
"Chengdu",2007-03-01,66.3212595588493
"Chengdu",2007-04-01,66.2655248843142
"Chengdu",2007-05-01,66.2097902097792
"Chengdu",2007-06-01,66.8105029616745
"Chengdu",2007-07-01,67.4112157135699
"Chengdu",2007-08-01,68.1458223112087
"Chengdu",2007-09-01,68.8804289088476
"Chengdu",2007-10-01,69.4429297327621
"Chengdu",2007-11-01,70.0054305566766
"Chengdu",2007-12-01,70.2951828791479
"Chengdu",2008-01-01,70.5849352016192
"Chengdu",2008-02-01,70.3469101260852
"Chengdu",2008-03-01,70.1088850505513
"Chengdu",2008-04-01,69.1497627054248
"Chengdu",2008-05-01,68.1906403602984
"Chengdu",2008-06-01,66.9088368556298
"Chengdu",2008-07-01,65.6270333509612
"Chengdu",2008-08-01,64.5047168798356
"Chengdu",2008-09-01,63.38240040871
"Chengdu",2008-10-01,62.7007870387861
"Chengdu",2008-11-01,62.0191736688623
"Chengdu",2008-12-01,61.8102228424162
"Chengdu",2009-01-01,61.6012720159702
"Chengdu",2009-02-01,61.8495654648722
"Chengdu",2009-03-01,62.0978589137742
"Chengdu",2009-04-01,62.5818131171285
"Chengdu",2009-05-01,63.0657673204829
"Chengdu",2009-06-01,63.6140245897959
"Chengdu",2009-07-01,64.162281859109
"Chengdu",2009-08-01,64.8861658572947
"Chengdu",2009-09-01,65.6100498554804
"Chengdu",2009-10-01,66.0632422368835
"Chengdu",2009-11-01,66.5164346182866
"Chengdu",2009-12-01,66.4830998211871
"Chengdu",2010-01-01,66.4497650240876
"Chengdu",2010-02-01,66.0671355773925
"Chengdu",2010-03-01,65.6845061306973
"Chengdu",2010-04-01,65.271790309209
"Chengdu",2010-05-01,64.8590744877207
"Chengdu",2010-06-01,64.869118794068
"Chengdu",2010-07-01,64.8791631004152
"Chengdu",2010-08-01,65.3498597097608
"Chengdu",2010-09-01,65.8205563191063
"Chengdu",2010-10-01,66.4996971959198
"Chengdu",2010-11-01,67.1788380727333
"Chengdu",2010-12-01,67.8595258584238
"Chengdu",2011-01-01,68.5402136441143
"Chengdu",2011-02-01,69.0464187050618
"Chengdu",2011-03-01,69.5526237660094
"Chengdu",2011-04-01,69.4052789562099
"Chengdu",2011-05-01,69.2579341464103
"Chengdu",2011-06-01,68.6979999677905
"Chengdu",2011-07-01,68.1380657891706
"Chengdu",2011-08-01,67.7652642592169
"Chengdu",2011-09-01,67.3924627292631
"Chengdu",2011-10-01,67.2304922594901
"Chengdu",2011-11-01,67.0685217897172
"Chengdu",2011-12-01,66.5687804412824
"Chengdu",2012-01-01,66.0690390928476
"Chengdu",2012-02-01,65.4985954543681
"Chengdu",2012-03-01,64.9281518158887
"Chengdu",2012-04-01,64.3502901892562
"Chengdu",2012-05-01,63.7724285626237
"Chengdu",2012-06-01,63.4739753887322
"Chengdu",2012-07-01,63.1755222148407
"Chengdu",2012-08-01,63.922626728146
"Chengdu",2012-09-01,64.6697312414514
"Chengdu",2012-10-01,66.0165849956252
"Chengdu",2012-11-01,67.3634387497989
"Chengdu",2012-12-01,68.3808592531784
"Chengdu",2013-01-01,69.3982797565578
"Chengdu",2013-02-01,70.1135327402966
"Chengdu",2013-03-01,70.8287857240354
"Chengdu",2013-04-01,71.476376697209
"Chengdu",2013-05-01,72.1239676703826
"Chengdu",2013-06-01,72.5503766825496
"Chengdu",2013-07-01,72.9767856947166
"Chengdu",2013-08-01,72.810279239135
"Chengdu",2013-09-01,72.6437727835533
"Chengdu",2013-10-01,72.4592635809357
"Chengdu",2013-11-01,72.274754378318
"Chengdu",2013-12-01,72.0078463139411
"Chengdu",2014-01-01,71.7409382495641
"Chengdu",2014-02-01,70.8598588531664
"Chengdu",2014-03-01,69.9787794567687
"Chengdu",2014-04-01,68.3624260167595
"Chengdu",2014-05-01,66.7460725767503
"Chengdu",2014-06-01,64.5151033042724
"Chengdu",2014-07-01,62.2841340317946
"Chengdu",2014-08-01,60.0929800619575
"Chengdu",2014-09-01,57.9018260921205
"Chengdu",2014-10-01,56.4151987356069
"Chengdu",2014-11-01,54.9285713790933
"Chengdu",2014-12-01,53.9327996464832
"Chengdu",2015-01-01,52.9370279138731
"Chengdu",2015-02-01,52.3186471557747
"Chengdu",2015-03-01,51.7002663976762
"Chengdu",2015-04-01,51.0602743106634
"Chengdu",2015-05-01,50.4202822236507
"Chengdu",2015-06-01,49.7011449614997
"Chengdu",2015-07-01,48.9820076993487
"Chengdu",2015-08-01,48.4653977086895
"Chengdu",2015-09-01,47.9487877180304
"Chengdu",2015-10-01,47.7411023843577
"Chengdu",2015-11-01,47.533417050685
"Chengdu",2015-12-01,47.4009298810612
"Chengdu",2016-01-01,47.2684427114375
"Chengdu",2016-02-01,47.3513837127749
"Chengdu",2016-03-01,47.4343247141123
"Chengdu",2016-04-01,48.1851429245695
"Chengdu",2016-05-01,48.9359611350268
"Chengdu",2016-06-01,50.1588282431441
"Chengdu",2016-07-01,51.3816953512615
"Chengdu",2016-08-01,51.8791157505351
"Chengdu",2016-09-01,52.3765361498087
"Chengdu",2016-10-01,51.986488935307
"Chengdu",2016-11-01,51.5964417208053
"Chengdu",2016-12-01,51.08245239958
"Chengdu",2017-01-01,50.5684630783547
"Chengdu",2017-02-01,49.8346663237872
"Chengdu",2017-03-01,49.1008695692197
"Chengdu",2017-04-01,48.1604446417387
"Chengdu",2017-05-01,47.2200197142577
"Chengdu",2017-06-01,46.5162109944814
"Chengdu",2017-07-01,45.8124022747052
"Chengdu",2017-08-01,45.6723030960907
"Chengdu",2017-09-01,45.5322039174763
"Chengdu",2017-10-01,45.5677711611436
"Chengdu",2017-11-01,45.6033384048109
"Chengdu",2017-12-01,45.4392663664882
"Chengdu",2018-01-01,45.2751943281656
"Chengdu",2018-02-01,45.0137012232097
"Chengdu",2018-03-01,44.7522081182537
"Chengdu",2018-04-01,44.2868620297665
"Chengdu",2018-05-01,43.8215159412793
"Chengdu",2018-06-01,42.8684168504118
"Chengdu",2018-07-01,41.9153177595443
"Chengdu",2018-08-01,40.7881846840216
"Chengdu",2018-09-01,39.6610516084989
"Chengdu",2018-10-01,38.6790655323093
"Chengdu",2018-11-01,37.6970794561196
"Chengdu",2018-12-01,37.154517681333
"Chengdu",2019-01-01,36.6119559065464
"Chengdu",2019-02-01,36.3718072900268
"Chengdu",2019-03-01,36.1316586735072
"Chengdu",2019-04-01,36.1331839299263
"Chengdu",2019-05-01,36.1347091863453
"Chengdu",2019-06-01,36.1116093432669
"Chengdu",2019-07-01,36.0885095001886
"Chengdu",2019-08-01,35.757051161192
"Chengdu",2019-09-01,35.4255928221954
"Chengdu",2019-10-01,34.9443777878893
"Chengdu",2019-11-01,34.4631627535833
"Chengdu",2019-12-01,34.1643029452636
"Chengdu",2020-01-01,33.8654431369439
"Chengdu",2020-02-01,33.6657588167617
"Chengdu",2020-03-01,33.4660744965795
"Chengdu",2020-04-01,33.606969634432
"Chengdu",2020-05-01,33.7478647722846
"Chengdu",2020-06-01,34.1757066868923
"Chengdu",2020-07-01,34.6035486015001
"Chengdu",2020-08-01,34.9278215217174
"Chengdu",2020-09-01,35.2520944419347
"Chengdu",2020-10-01,35.1149177113863
"Chengdu",2020-11-01,34.977740980838
"Chengdu",2020-12-01,34.8855305766754
"Chengdu",2021-01-01,34.7933201725128
"Chengdu",2021-02-01,34.760363937471
"Chengdu",2021-03-01,34.7274077024292
"Chengdu",2021-04-01,34.8789604913415
"Chengdu",2021-05-01,35.0305132802537
"Chengdu",2021-06-01,35.2926383860248
"Chengdu",2021-07-01,35.554763491796
"Chengdu",2021-08-01,35.863229775267
"Chengdu",2021-09-01,36.171696058738
"Chengdu",2021-10-01,36.4865636749039
"Chengdu",2021-11-01,36.8014312910697
"Chengdu",2021-12-01,37.1221137046841
